 org.jfree.chart.axis.Axis,1
 org.jfree.chart.block.BorderArrangement,1
 org.jfree.chart.imagemap.StandardToolTipTagFragmentGenerator,1
 org.jfree.chart.plot.CategoryPlot,1
 org.jfree.chart.plot.MultiplePiePlot,1
 org.jfree.chart.plot.PiePlot,1
 org.jfree.chart.plot.ValueMarker,1
 org.jfree.chart.plot.XYPlot,2
 org.jfree.chart.renderer.category.AbstractCategoryItemRenderer,1
 org.jfree.chart.renderer.category.MinMaxCategoryRenderer,1
 org.jfree.chart.renderer.category.StatisticalBarRenderer,1
 org.jfree.chart.renderer.GrayPaintScale,1
 org.jfree.chart.util.ShapeList,1
 org.jfree.chart.util.ShapeUtilities,1
 org.jfree.data.category.DefaultIntervalCategoryDataset,1
 org.jfree.data.DefaultKeyedValues,1
 org.jfree.data.general.DatasetUtilities,1
 org.jfree.data.KeyedObjects2D,1
 org.jfree.data.statistics.DefaultBoxAndWhiskerCategoryDataset,1
 org.jfree.data.time.TimePeriodValues,1
 org.jfree.data.time.TimeSeries,3
 org.jfree.data.time.Week,1
 org.jfree.data.xy.XYSeries,1
