 org.joda.time.tz.ZoneInfoCompiler,1
 org.joda.time.tz.DefaultNameProvider,1
 org.joda.time.Period,1
 org.joda.time.MutableDateTime,1
 org.joda.time.LocalDate,1
 org.joda.time.format.DateTimeParserBucket,1
 org.joda.time.format.DateTimeFormatterBuilder,1
 org.joda.time.field.FieldUtils,1
 org.joda.time.chrono.ZonedChronology,1
 org.joda.time.chrono.BasicMonthOfYearDateTimeField,1
 org.joda.time.base.BaseSingleFieldPeriod,1
 org.joda.time.base.BasePeriod,1
 org.joda.time.format.PeriodFormatterBuilder,2
 org.joda.time.format.DateTimeFormatter,2
 org.joda.time.chrono.GJChronology,2
 org.joda.time.Partial,3
 org.joda.time.DateTimeZone,6