 org.apache.commons.lang3.WordUtils,1
 org.apache.commons.lang3.time.StopWatch,1
 org.apache.commons.lang3.time.FastDatePrinter,1
 org.apache.commons.lang3.time.FastDateParser,2
 org.apache.commons.lang3.time.FastDateFormat,5
 org.apache.commons.lang3.time.DurationFormatUtils,1
 org.apache.commons.lang3.time.DateUtils,3
 org.apache.commons.lang3.text.translate.NumericEntityUnescaper,2
 org.apache.commons.lang3.text.translate.LookupTranslator,1
 org.apache.commons.lang3.text.translate.EntityArrays,1
 org.apache.commons.lang3.text.translate.CharSequenceTranslator,2
 org.apache.commons.lang3.text.StrBuilder,4
 org.apache.commons.lang3.text.ExtendedMessageFormat,2
 org.apache.commons.lang3.SystemUtils,1
 org.apache.commons.lang3.StringUtils,6
 org.apache.commons.lang3.StringEscapeUtils,2
 org.apache.commons.lang3.SerializationUtils,1
 org.apache.commons.lang3.reflect.TypeUtils,1
 org.apache.commons.lang3.RandomStringUtils,2
 org.apache.commons.lang3.NumberUtils,1
 org.apache.commons.lang3.math.NumberUtils,8
 org.apache.commons.lang3.math.Fraction,2
 org.apache.commons.lang3.LocaleUtils,4
 org.apache.commons.lang3.enums.ValuedEnum,1
 org.apache.commons.lang3.Entities,2
 org.apache.commons.lang3.ClassUtils,2
 org.apache.commons.lang3.builder.ToStringStyle,1
 org.apache.commons.lang3.builder.HashCodeBuilder,1
 org.apache.commons.lang3.builder.EqualsBuilder,1
 org.apache.commons.lang3.BooleanUtils,1
 org.apache.commons.lang3.ArrayUtils,2
