FileName,inst#,actual,predicted,error,prediction
src\example\org\joda\example\time\AgeCalculator.java,1,2:valid,2:valid,,0.0
src\main\java\org\joda\time\DurationField.java,2,2:valid,2:valid,,0.001
src\main\java\org\joda\time\chrono\BasicChronology.java,3,2:valid,2:valid,,0.352
src\main\java\org\joda\time\ReadableDuration.java,4,2:valid,2:valid,,0.0
src\main\java\org\joda\time\field\AbstractReadableInstantFieldProperty.java,5,2:valid,2:valid,,0.003
src\test\java\org\joda\time\TestTimeOfDay_Properties.java,6,2:valid,2:valid,,0.0
src\test\java\org\joda\time\TestMonthDay_Properties.java,7,2:valid,2:valid,,0.005
src\main\java\org\joda\time\format\InternalParser.java,8,2:valid,2:valid,,0.001
src\test\java\org\joda\time\TestDurationField.java,9,2:valid,2:valid,,0.0
src\main\java\org\joda\time\PeriodType.java,10,2:valid,2:valid,,0.01
src\main\java\org\joda\time\field\BaseDurationField.java,11,2:valid,2:valid,,0.001
src\main\java\org\joda\time\DateTime.java,12,2:valid,2:valid,,0.168
src\main\java\org\joda\time\field\SkipDateTimeField.java,13,2:valid,2:valid,,0.007
src\main\java\org\joda\time\chrono\BuddhistChronology.java,14,2:valid,2:valid,,0.313
src\test\java\org\joda\time\chrono\TestGregorianChronology.java,15,2:valid,2:valid,,0.001
src\test\java\org\joda\time\TestAbstractPartial.java,16,2:valid,2:valid,,0.0
src\test\java\org\joda\time\TestMutableDateTime_Adds.java,17,2:valid,2:valid,,0.0
src\test\java\org\joda\time\TestWeeks.java,18,2:valid,2:valid,,0.0
src\main\java\org\joda\time\Instant.java,19,2:valid,2:valid,,0.011
src\test\java\org\joda\time\convert\TestConverterSet.java,20,2:valid,2:valid,,0.0
src\test\java\org\joda\time\chrono\gj\TestGJWeekOfWeekyearField.java,21,2:valid,2:valid,,0.002
src\main\java\org\joda\time\convert\NullConverter.java,22,2:valid,2:valid,,0.0
src\main\java\org\joda\time\format\PeriodParser.java,23,2:valid,2:valid,,0.001
src\main\java\org\joda\time\ReadWritableInstant.java,24,2:valid,2:valid,,0.0
src\test\java\org\joda\time\TestMutablePeriod_Updates.java,25,2:valid,2:valid,,0.0
src\test\java\org\joda\time\TestAll.java,26,2:valid,2:valid,,0.0
src\main\java\org\joda\time\ReadableInstant.java,27,2:valid,2:valid,,0.001
src\test\java\org\joda\time\TestYearMonthDay_Properties.java,28,2:valid,2:valid,,0.0
src\test\java\org\joda\time\chrono\gj\TestGJDayOfYearField.java,29,2:valid,2:valid,,0.002
src\main\java\org\joda\time\chrono\BasicMonthOfYearDateTimeField.java,30,2:valid,2:valid,,0.03
src\test\java\org\joda\time\convert\TestDateConverter.java,31,2:valid,2:valid,,0.0
src\main\java\org\joda\time\Years.java,32,2:valid,2:valid,,0.007
src\main\java\org\joda\time\field\DecoratedDateTimeField.java,33,2:valid,2:valid,,0.023
src\main\java\org\joda\time\chrono\JulianChronology.java,34,2:valid,2:valid,,0.009
src\main\java\org\joda\time\field\RemainderDateTimeField.java,35,2:valid,2:valid,,0.172
src\main\java\org\joda\time\Interval.java,36,2:valid,2:valid,,0.001
src\main\java\org\joda\time\chrono\GJLocaleSymbols.java,37,2:valid,2:valid,,0.005
src\test\java\org\joda\time\field\TestFieldUtils.java,38,2:valid,2:valid,,0.028
src\main\java\org\joda\time\convert\InstantConverter.java,39,2:valid,2:valid,,0.001
src\test\java\org\joda\time\MockPartial.java,40,2:valid,2:valid,,0.002
src\main\java\org\joda\time\ReadablePartial.java,41,2:valid,2:valid,,0.02
src\main\java\org\joda\time\field\PreciseDurationDateTimeField.java,42,2:valid,2:valid,,0.013
src\main\java\org\joda\time\field\SkipUndoDateTimeField.java,43,2:valid,2:valid,,0.001
src\main\java\org\joda\time\convert\ReadableDurationConverter.java,44,2:valid,2:valid,,0.0
src\test\java\org\joda\time\chrono\gj\MainTest.java,45,2:valid,2:valid,,0.002
src\test\java\org\joda\time\convert\TestReadablePeriodConverter.java,46,2:valid,2:valid,,0.0
src\test\java\org\joda\time\TestLocalDateTime_Basics.java,47,2:valid,2:valid,,0.0
src\main\java\org\joda\time\format\PeriodFormatter.java,48,2:valid,2:valid,,0.001
src\main\java\org\joda\time\field\BaseDateTimeField.java,49,2:valid,2:valid,,0.003
src\test\java\org\joda\time\TestMinutes.java,50,2:valid,2:valid,,0.0
src\main\java\org\joda\time\base\AbstractInterval.java,51,2:valid,2:valid,,0.158
src\test\java\org\joda\time\TestPartial_Basics.java,52,2:valid,2:valid,,0.0
src\main\java\org\joda\time\DateTimeField.java,53,2:valid,2:valid,,0.0
src\main\java\org\joda\time\tz\ZoneInfoLogger.java,54,2:valid,2:valid,,0.013
src\test\java\org\joda\time\TestDays.java,55,2:valid,2:valid,,0.001
src\test\java\org\joda\time\TestYearMonth_Constructors.java,56,2:valid,2:valid,,0.008
src\main\java\org\joda\time\ReadablePeriod.java,57,2:valid,2:valid,,0.001
src\test\java\org\joda\time\convert\TestAll.java,58,2:valid,2:valid,,0.0
src\main\java\org\joda\time\base\BaseDuration.java,59,2:valid,2:valid,,0.007
src\test\java\org\joda\time\field\TestBaseDateTimeField.java,60,2:valid,2:valid,,0.0
src\main\java\org\joda\time\convert\ReadableIntervalConverter.java,61,2:valid,2:valid,,0.0
src\main\java\org\joda\time\base\AbstractDuration.java,62,2:valid,2:valid,,0.0
src\test\java\org\joda\time\TestMutableDateTime_Constructors.java,63,2:valid,2:valid,,0.0
src\main\java\org\joda\time\format\DateTimePrinterInternalPrinter.java,64,2:valid,2:valid,,0.002
src\test\java\org\joda\time\TestPeriod_Basics.java,65,2:valid,2:valid,,0.001
src\main\java\org\joda\time\chrono\IslamicChronology.java,66,2:valid,2:valid,,0.195
src\test\java\org\joda\time\TestDateMidnight_Properties.java,67,2:valid,2:valid,,0.0
src\main\java\org\joda\time\chrono\BaseChronology.java,68,2:valid,2:valid,,0.018
src\main\java\org\joda\time\chrono\GJCacheKey.java,69,2:valid,2:valid,,0.003
src\main\java\org\joda\time\field\ZeroIsMaxDateTimeField.java,70,2:valid,2:valid,,0.021
src\main\java\org\joda\time\field\DividedDateTimeField.java,71,2:valid,2:valid,,0.161
src\main\java\org\joda\time\MutableInterval.java,72,2:valid,2:valid,,0.003
src\test\java\org\joda\time\convert\TestConverterManager.java,73,2:valid,2:valid,,0.0
src\test\java\org\joda\time\field\TestPreciseDurationDateTimeField.java,74,2:valid,2:valid,,0.0
src\test\java\org\joda\time\TestDuration_Basics.java,75,2:valid,2:valid,,0.0
src\test\java\org\joda\time\format\TestPeriodFormat.java,76,2:valid,2:valid,,0.009
src\main\java\org\joda\time\Hours.java,77,2:valid,2:valid,,0.0
src\test\java\org\joda\time\convert\MockUnknownCalendar.java,78,2:valid,2:valid,,0.0
src\main\java\org\joda\time\convert\ConverterManager.java,79,2:valid,2:valid,,0.001
src\main\java\org\joda\time\ReadableInterval.java,80,2:valid,2:valid,,0.0
src\test\java\org\joda\time\TestMutableInterval_Basics.java,81,2:valid,2:valid,,0.0
src\test\java\org\joda\time\chrono\ThreadContention.java,82,2:valid,2:valid,,0.006
src\test\java\org\joda\time\TestDateMidnight_Constructors.java,83,2:valid,2:valid,,0.0
src\main\java\org\joda\time\chrono\GregorianChronology.java,84,2:valid,2:valid,,0.001
src\test\java\org\joda\time\format\TestISODateTimeFormatParsing.java,85,2:valid,2:valid,,0.0
src\main\java\org\joda\time\chrono\ISOYearOfEraDateTimeField.java,86,2:valid,2:valid,,0.185
src\main\java\org\joda\time\convert\LongConverter.java,87,2:valid,2:valid,,0.0
src\test\java\org\joda\time\TestLocalDateTime_Constructors.java,88,2:valid,2:valid,,0.0
src\main\java\org\joda\time\format\PeriodFormat.java,89,2:valid,2:valid,,0.209
src\main\java\org\joda\time\convert\ConverterSet.java,90,2:valid,2:valid,,0.007
src\test\java\org\joda\time\TestStringConvert.java,91,2:valid,2:valid,,0.016
src\main\java\org\joda\time\field\OffsetDateTimeField.java,92,2:valid,2:valid,,0.015
src\main\java\org\joda\time\field\LenientDateTimeField.java,93,2:valid,2:valid,,0.002
src\main\java\org\joda\time\convert\DurationConverter.java,94,2:valid,2:valid,,0.0
src\test\java\org\joda\time\chrono\gj\TestGJMonthOfYearField.java,95,2:valid,2:valid,,0.002
src\main\java\org\joda\time\field\ScaledDurationField.java,96,2:valid,2:valid,,0.0
src\test\java\org\joda\time\format\TestPeriodFormatter.java,97,2:valid,2:valid,,0.0
src\test\java\org\joda\time\chrono\TestAll.java,98,2:valid,2:valid,,0.001
src\test\java\org\joda\time\TestMutablePeriod_Constructors.java,99,2:valid,2:valid,,0.0
src\example\org\joda\example\time\TimeZoneTable.java,100,2:valid,2:valid,,0.001
src\test\java\org\joda\time\chrono\TestBuddhistChronology.java,101,2:valid,2:valid,,0.0
src\main\java\org\joda\time\field\PreciseDurationField.java,102,2:valid,2:valid,,0.0
src\test\java\org\joda\time\chrono\gj\TestJulianDayOfMonthField.java,103,2:valid,2:valid,,0.0
src\main\java\org\joda\time\Chronology.java,104,2:valid,2:valid,,0.001
src\test\java\org\joda\time\format\TestTextFields.java,105,2:valid,2:valid,,0.0
src\test\java\org\joda\time\TestPartial_Constructors.java,106,2:valid,2:valid,,0.0
src\main\java\org\joda\time\Weeks.java,107,2:valid,2:valid,,0.0
src\main\java\org\joda\time\base\BaseSingleFieldPeriod.java,108,2:valid,2:valid,,0.19
src\test\java\org\joda\time\TestMutableInterval_Constructors.java,109,2:valid,2:valid,,0.0
src\main\java\org\joda\time\ReadWritablePeriod.java,110,2:valid,2:valid,,0.0
src\test\java\org\joda\time\TestIllegalFieldValueException.java,111,2:valid,2:valid,,0.0
src\test\java\org\joda\time\convert\MockUnknownTimeZone.java,112,2:valid,2:valid,,0.0
src\main\java\org\joda\time\tz\ZoneInfoProvider.java,113,2:valid,2:valid,,0.277
src\test\java\org\joda\time\format\TestISODateTimeFormat.java,114,2:valid,2:valid,,0.0
src\main\java\org\joda\time\format\DateTimeFormatter.java,115,2:valid,2:valid,,0.285
src\main\java\org\joda\time\LocalTime.java,116,2:valid,2:valid,,0.031
src\main\java\org\joda\time\format\DateTimeParser.java,117,2:valid,2:valid,,0.002
src\main\java\org\joda\time\chrono\EthiopicChronology.java,118,2:valid,2:valid,,0.003
src\main\java\org\joda\time\tz\DateTimeZoneBuilder.java,119,2:valid,2:valid,,0.019
src\test\java\org\joda\time\field\TestMillisDurationField.java,120,2:valid,2:valid,,0.0
src\main\java\org\joda\time\field\MillisDurationField.java,121,2:valid,2:valid,,0.02
src\test\java\org\joda\time\convert\TestCalendarConverter.java,122,2:valid,2:valid,,0.0
src\test\java\org\joda\time\format\TestISOPeriodFormat.java,123,2:valid,2:valid,,0.0
src\main\java\org\joda\time\DateTimeConstants.java,124,2:valid,2:valid,,0.0
src\test\java\org\joda\time\TestMutableDateTime_Sets.java,125,2:valid,2:valid,,0.0
src\test\java\org\joda\time\TestLocalDateTime_Properties.java,126,2:valid,2:valid,,0.0
src\main\java\org\joda\time\chrono\BasicDayOfYearDateTimeField.java,127,2:valid,2:valid,,0.025
src\main\java\org\joda\time\convert\ReadablePeriodConverter.java,128,2:valid,2:valid,,0.001
src\main\java\org\joda\time\MonthDay.java,129,2:valid,2:valid,,0.057
src\main\java\org\joda\time\convert\AbstractConverter.java,130,2:valid,2:valid,,0.0
src\test\java\org\joda\time\chrono\gj\TestGJChronology.java,131,2:valid,2:valid,,0.003
src\test\java\org\joda\time\TestDateTimeZone.java,132,2:valid,2:valid,,0.006
src\test\java\org\joda\time\TestMonthDay_Basics.java,133,2:valid,2:valid,,0.004
src\test\java\org\joda\time\tz\TestFixedDateTimeZone.java,134,2:valid,2:valid,,0.001
src\test\java\org\joda\time\TestDateTime_Properties.java,135,2:valid,2:valid,,0.001
src\main\java\org\joda\time\base\BaseDateTime.java,136,2:valid,2:valid,,0.005
src\main\java\org\joda\time\IllegalFieldValueException.java,137,2:valid,2:valid,,0.005
src\main\java\org\joda\time\base\AbstractPartial.java,138,2:valid,2:valid,,0.002
src\test\java\org\joda\time\chrono\gj\TestGregorianChronology.java,139,2:valid,2:valid,,0.001
src\test\java\org\joda\time\TestMutableDateTime_Properties.java,140,2:valid,2:valid,,0.0
src\test\java\org\joda\time\TestChronology.java,141,2:valid,2:valid,,0.0
src\main\java\org\joda\time\tz\CachedDateTimeZone.java,142,2:valid,2:valid,,0.03
src\test\java\org\joda\time\ClassLoadTest.java,143,2:valid,2:valid,,0.0
src\main\java\org\joda\time\DateTimeZone.java,144,2:valid,2:valid,,0.355
src\main\java\org\joda\time\format\DateTimeFormat.java,145,2:valid,2:valid,,0.274
src\main\java\org\joda\time\tz\NameProvider.java,146,2:valid,2:valid,,0.0
src\main\java\org\joda\time\field\UnsupportedDurationField.java,147,2:valid,2:valid,,0.001
src\main\java\org\joda\time\tz\Provider.java,148,2:valid,2:valid,,0.001
src\test\java\org\joda\time\TestTimeOfDay_Basics.java,149,2:valid,2:valid,,0.0
src\main\java\org\joda\time\chrono\StrictChronology.java,150,2:valid,2:valid,,0.001
src\test\java\org\joda\time\convert\MockZeroNullIntegerConverter.java,151,2:valid,2:valid,,0.0
src\main\java\org\joda\time\field\DelegatedDateTimeField.java,152,2:valid,2:valid,,0.156
src\main\java\org\joda\time\format\ISOPeriodFormat.java,153,2:valid,2:valid,,0.0
src\test\java\org\joda\time\TestLocalTime_Constructors.java,154,2:valid,2:valid,,0.0
src\test\java\org\joda\time\TestLocalTime_Properties.java,155,2:valid,2:valid,,0.0
src\test\java\org\joda\time\TestMutablePeriod_Basics.java,156,2:valid,2:valid,,0.0
src\main\java\org\joda\time\Seconds.java,157,2:valid,2:valid,,0.0
src\test\java\org\joda\time\chrono\TestLenientChronology.java,158,2:valid,2:valid,,0.014
src\main\java\org\joda\time\base\BasePeriod.java,159,2:valid,2:valid,,0.188
src\main\java\org\joda\time\format\DateTimeFormatterBuilder.java,160,2:valid,2:valid,,0.012
src\main\java\org\joda\time\tz\DefaultNameProvider.java,161,2:valid,2:valid,,0.013
src\main\java\org\joda\time\DateTimeComparator.java,162,2:valid,2:valid,,0.289
src\main\java\org\joda\time\chrono\LenientChronology.java,163,2:valid,2:valid,,0.001
src\main\java\org\joda\time\chrono\BasicWeekOfWeekyearDateTimeField.java,164,2:valid,2:valid,,0.026
src\test\java\org\joda\time\chrono\gj\TestGJYearField.java,165,2:valid,2:valid,,0.003
src\main\java\org\joda\time\ReadWritableDateTime.java,166,2:valid,2:valid,,0.0
src\main\java\org\joda\time\LocalDate.java,167,2:valid,2:valid,,0.327
src\test\java\org\joda\time\TestMonths.java,168,2:valid,2:valid,,0.001
src\test\java\org\joda\time\chrono\TestEthiopicChronology.java,169,2:valid,2:valid,,0.0
src\test\java\org\joda\time\chrono\TestISOChronology.java,170,2:valid,2:valid,,0.0
src\main\java\org\joda\time\field\UnsupportedDateTimeField.java,171,2:valid,2:valid,,0.002
src\main\java\org\joda\time\convert\IntervalConverter.java,172,2:valid,2:valid,,0.0
src\test\java\org\joda\time\format\TestPeriodFormatParsing.java,173,2:valid,2:valid,,0.0
src\test\java\org\joda\time\field\TestUnsupportedDateTimeField.java,174,2:valid,2:valid,,0.016
src\test\java\org\joda\time\TestYearMonth_Basics.java,175,2:valid,2:valid,,0.001
src\test\java\org\joda\time\chrono\gj\TestJulianWeekyearField.java,176,2:valid,2:valid,,0.0
src\test\java\org\joda\time\TestBasePartial.java,177,2:valid,2:valid,,0.0
src\main\java\org\joda\time\ReadWritableInterval.java,178,2:valid,2:valid,,0.0
src\main\java\org\joda\time\format\PeriodPrinter.java,179,2:valid,2:valid,,0.001
src\test\java\org\joda\time\TestDateTimeFieldType.java,180,2:valid,2:valid,,0.0
src\test\java\org\joda\time\TestLocalDate_Basics.java,181,2:valid,2:valid,,0.0
src\test\java\org\joda\time\convert\TestReadablePartialConverter.java,182,2:valid,2:valid,,0.0
src\main\java\org\joda\time\field\ImpreciseDateTimeField.java,183,2:valid,2:valid,,0.013
src\main\java\org\joda\time\convert\DateConverter.java,184,2:valid,2:valid,,0.0
src\test\java\org\joda\time\chrono\gj\TestJulianMonthOfYearField.java,185,2:valid,2:valid,,0.0
src\main\java\org\joda\time\chrono\BasicSingleEraDateTimeField.java,186,2:valid,2:valid,,0.011
src\test\java\org\joda\time\tz\TestUTCProvider.java,187,2:valid,2:valid,,0.0
src\test\java\org\joda\time\format\TestDateTimeFormatter.java,188,2:valid,2:valid,,0.0
src\main\java\org\joda\time\TimeOfDay.java,189,2:valid,2:valid,,0.005
src\main\java\org\joda\time\format\InternalParserDateTimeParser.java,190,2:valid,2:valid,,0.002
src\main\java\org\joda\time\YearMonthDay.java,191,2:valid,2:valid,,0.009
src\test\java\org\joda\time\TestSeconds.java,192,2:valid,2:valid,,0.0
src\main\java\org\joda\time\chrono\ZonedChronology.java,193,2:valid,2:valid,,0.279
src\test\java\org\joda\time\TestPeriod_Constructors.java,194,2:valid,2:valid,,0.001
src\main\java\org\joda\time\chrono\GJChronology.java,195,2:valid,2:valid,,0.341
src\test\java\org\joda\time\format\TestISODateTimeFormat_Fields.java,196,2:valid,2:valid,,0.0
src\main\java\org\joda\time\ReadableDateTime.java,197,2:valid,2:valid,,0.006
src\test\java\org\joda\time\tz\TestCachedDateTimeZone.java,198,2:valid,2:valid,,0.021
src\main\java\org\joda\time\chrono\GJYearOfEraDateTimeField.java,199,2:valid,2:valid,,0.202
src\main\java\org\joda\time\DateTimeUtils.java,200,2:valid,2:valid,,0.237
src\main\java\org\joda\time\field\PreciseDateTimeField.java,201,2:valid,2:valid,,0.016
src\test\java\org\joda\time\TestSerialization.java,202,2:valid,2:valid,,0.004
src\test\java\org\joda\time\TestYearMonthDay_Basics.java,203,2:valid,2:valid,,0.0
src\test\java\org\joda\time\TestHours.java,204,2:valid,2:valid,,0.0
src\test\java\org\joda\time\TestDateMidnight_Basics.java,205,2:valid,2:valid,,0.0
src\test\java\org\joda\time\chrono\TestJulianChronology.java,206,2:valid,2:valid,,0.001
src\main\java\org\joda\time\Months.java,207,2:valid,2:valid,,0.002
src\main\java\org\joda\time\field\DelegatedDurationField.java,208,2:valid,2:valid,,0.016
src\test\java\org\joda\time\TestInterval_Basics.java,209,2:valid,2:valid,,0.0
src\test\java\org\joda\time\TestDateTimeUtils.java,210,2:valid,2:valid,,0.001
src\main\java\org\joda\time\Duration.java,211,2:valid,2:valid,,0.197
src\test\java\org\joda\time\format\TestPeriodFormatterBuilder.java,212,2:valid,2:valid,,0.001
src\test\java\org\joda\time\chrono\TestIslamicChronology.java,213,2:valid,2:valid,,0.0
src\main\java\org\joda\time\chrono\LimitChronology.java,214,2:valid,2:valid,,0.018
src\main\java\org\joda\time\format\DateTimeParserInternalParser.java,215,2:valid,2:valid,,0.005
src\test\java\org\joda\time\format\TestISOPeriodFormatParsing.java,216,2:valid,2:valid,,0.0
src\test\java\org\joda\time\TestTimeOfDay_Constructors.java,217,2:valid,2:valid,,0.0
src\test\java\org\joda\time\format\TestDateTimeFormatStyle.java,218,2:valid,2:valid,,0.0
src\test\java\org\joda\time\convert\TestStringConverter.java,219,2:valid,2:valid,,0.0
src\main\java\org\joda\time\DateTimeFieldType.java,220,2:valid,2:valid,,0.005
src\test\java\org\joda\time\TestInstant_Basics.java,221,2:valid,2:valid,,0.0
src\main\java\org\joda\time\chrono\BasicYearDateTimeField.java,222,2:valid,2:valid,,0.026
src\test\java\org\joda\time\tz\TestCompiler.java,223,2:valid,2:valid,,0.001
src\test\java\org\joda\time\convert\TestReadableIntervalConverter.java,224,2:valid,2:valid,,0.0
src\test\java\org\joda\time\TestPartial_Match.java,225,2:valid,2:valid,,0.0
src\main\java\org\joda\time\field\AbstractPartialFieldProperty.java,226,2:valid,2:valid,,0.002
src\main\java\org\joda\time\chrono\BasicDayOfMonthDateTimeField.java,227,2:valid,2:valid,,0.027
src\main\java\org\joda\time\DurationFieldType.java,228,2:valid,2:valid,,0.01
src\test\java\org\joda\time\chrono\TestGJChronology.java,229,2:valid,2:valid,,0.002
src\main\java\org\joda\time\convert\Converter.java,230,2:valid,2:valid,,0.0
src\main\java\org\joda\time\base\BasePartial.java,231,2:valid,2:valid,,0.006
src\main\java\org\joda\time\format\InternalPrinter.java,232,2:valid,2:valid,,0.0
src\main\java\org\joda\time\convert\StringConverter.java,233,2:valid,2:valid,,0.011
src\main\java\org\joda\time\Partial.java,234,2:valid,2:valid,,0.21
src\test\java\org\joda\time\chrono\gj\TestJulianYearField.java,235,2:valid,2:valid,,0.0
src\test\java\org\joda\time\chrono\gj\TestGJWeekyearField.java,236,2:valid,2:valid,,0.003
src\test\java\org\joda\time\format\TestDateTimeFormatterBuilder.java,237,2:valid,2:valid,,0.001
src\test\java\org\joda\time\TestBaseSingleFieldPeriod.java,238,2:valid,2:valid,,0.001
src\main\java\org\joda\time\JodaTimePermission.java,239,2:valid,2:valid,,0.0
src\test\java\org\joda\time\field\TestOffsetDateTimeField.java,240,2:valid,2:valid,,0.0
src\main\java\org\joda\time\field\FieldUtils.java,241,2:valid,2:valid,,0.321
src\test\java\org\joda\time\MockNullZoneChronology.java,242,2:valid,2:valid,,0.0
src\main\java\org\joda\time\field\StrictDateTimeField.java,243,2:valid,2:valid,,0.0
src\test\java\org\joda\time\TestLocalDate_Constructors.java,244,2:valid,2:valid,,0.0
src\test\java\org\joda\time\TestDateTimeZoneCutover.java,245,2:valid,2:valid,,0.016
src\test\java\org\joda\time\convert\TestReadableInstantConverter.java,246,2:valid,2:valid,,0.0
src\test\java\org\joda\time\TestDateTimeComparator.java,247,2:valid,2:valid,,0.0
src\main\java\org\joda\time\format\FormatUtils.java,248,2:valid,2:valid,,0.001
src\test\java\org\joda\time\chrono\gj\TestJulianChronology.java,249,2:valid,2:valid,,0.0
src\main\java\org\joda\time\convert\PartialConverter.java,250,2:valid,2:valid,,0.0
src\main\java\org\joda\time\chrono\BasicWeekyearDateTimeField.java,251,2:valid,2:valid,,0.029
src\test\java\org\joda\time\tz\TestAll.java,252,2:valid,2:valid,,0.002
src\test\java\org\joda\time\chrono\TestGJDate.java,253,2:valid,2:valid,,0.0
src\test\java\org\joda\time\TestDateTime_Constructors.java,254,2:valid,2:valid,,0.0
src\test\java\org\joda\time\TestInstant_Constructors.java,255,2:valid,2:valid,,0.0
src\test\java\org\joda\time\MockZone.java,256,2:valid,2:valid,,0.016
src\test\java\org\joda\time\chrono\gj\TestAll.java,257,2:valid,2:valid,,0.0
src\test\java\org\joda\time\field\TestAll.java,258,2:valid,2:valid,,0.0
src\main\java\org\joda\time\Period.java,259,2:valid,2:valid,,0.317
src\main\java\org\joda\time\convert\ReadablePartialConverter.java,260,2:valid,2:valid,,0.0
src\main\java\org\joda\time\LocalDateTime.java,261,2:valid,2:valid,,0.151
src\main\java\org\joda\time\IllegalInstantException.java,262,2:valid,2:valid,,0.034
src\main\java\org\joda\time\base\BaseInterval.java,263,2:valid,2:valid,,0.008
src\main\java\org\joda\time\chrono\BasicFixedMonthChronology.java,264,2:valid,2:valid,,0.0
src\main\java\org\joda\time\chrono\GJEraDateTimeField.java,265,2:valid,2:valid,,0.024
src\test\java\org\joda\time\TestInterval_Constructors.java,266,2:valid,2:valid,,0.0
src\main\java\org\joda\time\convert\ReadableInstantConverter.java,267,2:valid,2:valid,,0.002
src\main\java\org\joda\time\format\InternalPrinterDateTimePrinter.java,268,2:valid,2:valid,,0.003
src\test\java\org\joda\time\TestDateTimeConstants.java,269,2:valid,2:valid,,0.0
src\main\java\org\joda\time\base\AbstractPeriod.java,270,2:valid,2:valid,,0.012
src\test\java\org\joda\time\convert\TestNullConverter.java,271,2:valid,2:valid,,0.0
src\test\java\org\joda\time\chrono\gj\TestGJDayOfWeekField.java,272,2:valid,2:valid,,0.002
src\main\java\org\joda\time\MutableDateTime.java,273,2:valid,2:valid,,0.033
src\test\java\org\joda\time\TestPartial_Properties.java,274,2:valid,2:valid,,0.0
src\test\java\org\joda\time\TestLocalTime_Basics.java,275,2:valid,2:valid,,0.0
src\test\java\org\joda\time\TestYears.java,276,2:valid,2:valid,,0.0
src\main\java\org\joda\time\format\DateTimeParserBucket.java,277,2:valid,2:valid,,0.021
src\test\java\org\joda\time\format\TestDateTimeFormat.java,278,2:valid,2:valid,,0.0
src\test\java\org\joda\time\convert\TestReadableDurationConverter.java,279,2:valid,2:valid,,0.0
src\main\java\org\joda\time\chrono\ISOChronology.java,280,2:valid,2:valid,,0.279
src\test\java\org\joda\time\TestYearMonthDay_Constructors.java,281,2:valid,2:valid,,0.0
src\test\java\org\joda\time\TestDurationFieldType.java,282,2:valid,2:valid,,0.0
src\test\java\org\joda\time\chrono\gj\TestGJDateTimeField.java,283,2:valid,2:valid,,0.0
src\main\java\org\joda\time\Minutes.java,284,2:valid,2:valid,,0.0
src\test\java\org\joda\time\field\TestPreciseDurationField.java,285,2:valid,2:valid,,0.0
src\test\java\org\joda\time\TestYearMonth_Properties.java,286,2:valid,2:valid,,0.005
src\test\java\org\joda\time\convert\MockBadChronology.java,287,2:valid,2:valid,,0.0
src\main\java\org\joda\time\chrono\BasicGJChronology.java,288,2:valid,2:valid,,0.167
src\main\java\org\joda\time\chrono\GJDayOfWeekDateTimeField.java,289,2:valid,2:valid,,0.015
src\main\java\org\joda\time\format\ISODateTimeFormat.java,290,2:valid,2:valid,,0.311
src\main\java\org\joda\time\field\DecoratedDurationField.java,291,2:valid,2:valid,,0.002
src\main\java\org\joda\time\convert\PeriodConverter.java,292,2:valid,2:valid,,0.001
src\main\java\org\joda\time\tz\ZoneInfoCompiler.java,293,2:valid,2:valid,,0.313
src\example\org\joda\example\time\DateTimeBrowser.java,294,2:valid,2:valid,,0.001
src\test\java\org\joda\time\field\TestPreciseDateTimeField.java,295,2:valid,2:valid,,0.0
src\test\java\org\joda\time\TestMutableInterval_Updates.java,296,2:valid,2:valid,,0.0
src\main\java\org\joda\time\chrono\CopticChronology.java,297,2:valid,2:valid,,0.002
src\test\java\org\joda\time\TestDateTime_Basics.java,298,2:valid,2:valid,,0.001
src\test\java\org\joda\time\convert\TestLongConverter.java,299,2:valid,2:valid,,0.0
src\main\java\org\joda\time\base\AbstractInstant.java,300,2:valid,2:valid,,0.0
src\main\java\org\joda\time\UTCDateTimeZone.java,301,2:valid,2:valid,,0.003
src\main\java\org\joda\time\Days.java,302,2:valid,2:valid,,0.0
src\main\java\org\joda\time\format\DateTimePrinter.java,303,2:valid,2:valid,,0.0
src\test\java\org\joda\time\tz\TestBuilder.java,304,2:valid,2:valid,,0.0
src\test\java\org\joda\time\chrono\gj\TestGJDayOfMonthField.java,305,2:valid,2:valid,,0.002
src\example\org\joda\example\time\Examples.java,306,2:valid,2:valid,,0.0
src\main\java\org\joda\time\chrono\AssembledChronology.java,307,2:valid,2:valid,,0.002
src\example\org\joda\example\time\DateTimePerformance.java,308,2:valid,2:valid,,0.0
src\test\java\org\joda\time\format\TestAll.java,309,2:valid,2:valid,,0.0
src\main\java\org\joda\time\DateMidnight.java,310,2:valid,2:valid,,0.167
src\test\java\org\joda\time\field\TestScaledDurationField.java,311,2:valid,2:valid,,0.0
src\test\java\org\joda\time\TestPeriodType.java,312,2:valid,2:valid,,0.0
src\test\java\org\joda\time\TestLocalDate_Properties.java,313,2:valid,2:valid,,0.0
src\main\java\org\joda\time\base\BaseLocal.java,314,2:valid,2:valid,,0.064
src\test\java\org\joda\time\format\TestDateTimeParserBucket.java,315,2:valid,2:valid,,0.0
src\main\java\org\joda\time\MutablePeriod.java,316,2:valid,2:valid,,0.011
src\main\java\org\joda\time\tz\UTCProvider.java,317,2:valid,2:valid,,0.011
src\main\java\org\joda\time\YearMonth.java,318,2:valid,2:valid,,0.031
src\main\java\org\joda\time\tz\FixedDateTimeZone.java,319,2:valid,2:valid,,0.012
src\test\java\org\joda\time\TestAllPackages.java,320,2:valid,2:valid,,0.0
src\main\java\org\joda\time\convert\CalendarConverter.java,321,2:valid,2:valid,,0.001
src\test\java\org\joda\time\TestDuration_Constructors.java,322,2:valid,2:valid,,0.0
src\test\java\org\joda\time\TestMutableDateTime_Basics.java,323,2:valid,2:valid,,0.0
src\test\java\org\joda\time\chrono\TestCopticChronology.java,324,2:valid,2:valid,,0.0
src\main\java\org\joda\time\chrono\GJMonthOfYearDateTimeField.java,325,2:valid,2:valid,,0.019
src\main\java\org\joda\time\base\AbstractDateTime.java,326,2:valid,2:valid,,0.004
src\test\java\org\joda\time\TestMonthDay_Constructors.java,327,2:valid,2:valid,,0.008
src\main\java\org\joda\time\format\PeriodFormatterBuilder.java,328,2:valid,2:valid,,0.147
